,lval,op,rval,Estimate,Std. Err,z-value,p-value
0,Individualism,~,GDP,0.8474705301252535,0.15260109799386393,5.5535021782987215,2.800021747795256e-08
1,Depression,~,Individualism,0.016834300249992176,0.004874375215533806,3.453632414856059,0.0005530906998487684
2,RS,~,GDP,0.1979438027352021,0.1293799268648866,1.5299421442739554,0.12603105033388973
3,RS,~,Individualism,-0.6339521287017598,0.07981325742630409,-7.942942678153178,1.9984014443252818e-15
4,Individualism,~~,Individualism,392.4306957000529,61.287378028040116,6.403124237432741,1.5222911819989804e-10
5,Depression,~~,Depression,1.052129742119278,0.16431505982165662,6.40312423739388,1.5222911819989804e-10
6,RS,~~,RS,204.9872715282824,32.013633333853,6.403124237432651,1.5222911819989804e-10
