,lval,op,rval,Estimate,Std. Err,z-value,p-value
0,Individualism,~,GDP,0.8476933015797447,0.15087609492152906,5.618473238023644,1.9265222750419753e-08
1,Depression,~,FF,-0.029241834739448976,0.014988298882168105,-1.9509775570520298,0.05105971559294975
2,Depression,~,Individualism,0.01702452802185963,0.004906573112181536,3.4697389866917785,0.0005209643656307605
3,RS,~,Individualism,-0.5397318561258924,0.068769151014207,-7.8484589115625525,4.218847493575595e-15
4,Individualism,~~,Individualism,383.608766163979,59.90962410527521,6.403124237432742,1.5222911819989804e-10
5,RS,~~,FF,24.727879730711166,10.598365647539739,2.333178581779641,0.01963877447883755
6,RS,~~,RS,219.2674972971187,34.18058033089416,6.414972922473381,1.4084799992986063e-10
7,Depression,~~,Depression,1.0073356755187797,0.1569567902610459,6.417917146731854,1.3815149024765105e-10
