,lval,op,rval,Estimate,Std. Err,z-value,p-value
0,Individualism,~,GDP,0.847327097653546,0.1532098379603789,5.530500579650374,3.193182429583885e-08
1,Depression,~,RS,-0.020496836908383942,0.005615014500224815,-3.6503622392983885,0.00026187073227679214
2,Depression,~,Individualism,0.005148782401832149,0.004698034315485301,1.095943974645988,0.27310329316424387
3,Individualism,~~,Individualism,395.56782545105176,61.77731538278624,6.4031242374327455,1.5222911819989804e-10
4,Depression,~~,Depression,0.966337864889322,0.15091661961516897,6.403124237390419,1.5222911819989804e-10
