,lval,op,rval,Estimate,Std. Err,z-value,p-value
0,Individualism,~,GDP,0.847665412711112,0.151549977760723,5.593306084438153,2.2278602518355228e-08
1,Depression,~,Individualism,0.016835935256044075,0.004898120403724958,3.4372236419103412,0.0005877101219691205
2,RS,~,Individualism,-0.5704707516445555,0.07010092429488722,-8.137849213466428,4.440892098500626e-16
3,Individualism,~~,Individualism,387.04316936351523,60.44598777278904,6.403124237432745,1.5222911819989804e-10
4,Depression,~~,Depression,1.0519400961476773,0.16428544209684473,6.403124237393873,1.5222911819989804e-10
5,RS,~~,RS,215.4664143746939,33.65020049354517,6.4031242374326585,1.5222911819989804e-10
